Workbook

Sheet 00_README_Control
A1: TRACE FORCE MRV — Cement QA/QC V28-style Collection Workbook
A2: Demo-controlled workbook schema for cement / clinker CBAM-GHG MRV. Designed to feed the TRACE FORCE MRV Cement module.
A3: Control | B3: Value | C3: Governance note
A4: Workbook Version | B4: v0.2 | C4: V0.2 adds: CKD field, TSR metric, stockpile tracking, moisture governance, 18 QA/QC checks, WHR placeholder.
A5: Status | B5: DEMO / NOT CLIENT DATA | C5: Operational-looking dataset for workflow validation only. Not externally verified and not suitable for submission.
A6: Sector | B6: Cement / Clinker | C6: Clinker is treated as cement precursor; no NH3 or fertilizer logic is used.
A7: Primary Product | B7: CEM II/A-L 42.5N | C7: Demo product selection with clinker factor and cement production boundary.
A8: Regulatory posture | B8: CBAM / EU ETS / ISO 14064-aligned structure | C8: Workbook supports data collection and calculation discipline; it does not claim TAXUD submission.
A9: Calculation chain | B9: DCS Boundary → Inputs → Constants → Calculations → QA/QC → Report Outputs | C9: Designed so Codex can map system pages to sheet names without inventing schema.
A10: Important control | B10: Missing values are not silently converted to zero | C10: QA/QC flags missing EF, NCV, production, electricity, evidence and period mismatches.
A12: Do not use this demo workbook as actual plant data. Replace all demo activity data, factors, evidence IDs and DCS tags with governed client data before any verifier-facing use.
A14: Clinker Factor definition | B14: Clinker Content Ratio = Clinker Used / Cement Produced | C14: Per CBAM Annex guidance. Clinker Produced may differ from Clinker Used due to stockpile changes.
A15: Moisture governance | B15: Moisture % recorded for traceability; CaCO3/MgCO3 % are on dry basis | C15: CaCO3% and MgCO3% already exclude moisture. Moisture column is for lab evidence only.
A16: CKD correction | B16: CKD field added to DCS boundary; set to 0 in demo (fully recycled) | C16: If CKD leaves kiln boundary, subtract uncalcined portion from Process CO2.

Sheet 01_Setup
A1: Setup and Reporting Control
A2: Site, period, product and selected calculation methodology.
A3: Parameter | B3: Value | C3: Unit | D3: Required? | E3: Notes | F3: Governance owner
A4: Workbook mode | B4: Cement_QAQC_V28_Demo | D4: Yes | E4: Used by TRACE FORCE MRV to detect cement workbook mode. | F4: EgyTrace
A5: Installation / site | B5: Demo Cement Plant - Egypt | D5: Yes | E5: Replace with real plant name before client use. | F5: Plant
A6: Country | B6: Egypt | D6: Yes | E6: Used for grid EF and CBAM country context. | F6: Plant
A7: Reporting quarter | B7: Q1 2025 | D7: Yes | E7: Selected period lock. | F7: Sustainability
A8: Period start | B8: 45658 | C8: date | D8: Yes | E8: Inclusive start date. | F8: Sustainability
A9: Period end | B9: 45747 | C9: date | D9: Yes | E9: Inclusive end date. | F9: Sustainability
A10: Primary product | B10: CEM II/A-L 42.5N | D10: Yes | E10: Demo cement type. | F10: Production
A11: Boundary approach | B11: Operational control | D11: Yes | E11: Organization boundary assumption. | F11: Sustainability
A12: Selected calcination method | B12: Method B - clinker output | D12: Yes | E12: Method A input-based available; Method B selected for clean demo output. | F12: Sustainability
A13: Assurance status | B13: Prepared for internal review - not externally verified | D13: Yes | E13: No external verification claim. | F13: Sustainability
A14: Submission status | B14: Not submitted | D14: Yes | E14: No TAXUD / CBAM Registry finality. | F14: Sustainability
A15: CKD correction applied | B15: No | D15: Yes | E15: CKD fully recycled in demo. Set Yes if CKD leaves the kiln boundary. | F15: Sustainability

Sheet 02_DCS_Boundary_Map
A1: DCS / ERP / Lab Boundary Map
A2: Maps plant source systems to governed MRV fields and required evidence.
A3: Boundary Area | B3: Source System | C3: DCS/ERP/Lab Tag | D3: MRV Field | E3: Unit | F3: Frequency | G3: Evidence Required | H3: Calculation Use | I3: Mapped Status | J3: Owner | K3: QA/QC Rule
A4: Production | B4: Kiln DCS / Weighbridge | C4: KILN1_CLINKER_T_DAY | D4: Clinker Produced | E4: t/day | F4: Daily | G4: Kiln production log / weighbridge | H4: Production_Input | I4: Mapped | J4: Production | K4: No negative; period locked
A5: Production | B5: ERP / Dispatch | C5: CEM_MILL1_OUTPUT_T_DAY | D5: Cement Produced | E5: t/day | F5: Daily | G5: Cement mill / dispatch report | H5: Production_Input | I5: Mapped | J5: Production | K5: Cement >= clinker used
A6: Production | B6: ERP / Mill records | C6: CLINKER_USED_CEM_T_DAY | D6: Clinker Used in Cement | E6: t/day | F6: Daily | G6: Cement mill material balance | H6: Production_Input | I6: Mapped | J6: Production | K6: Clinker factor 0.25–1.00
A7: Additives | B7: ERP / Lab | C7: GYPSUM_ADDED_T_DAY | D7: Gypsum Added | E7: t/day | F7: Daily | G7: Additive weighbridge | H7: Production_Input | I7: Mapped | J7: Production | K7: Mass balance
A8: Additives | B8: ERP / Lab | C8: LIMESTONE_ADD_T_DAY | D8: Limestone Additive | E8: t/day | F8: Daily | G8: Additive weighbridge / lab | H8: Production_Input | I8: Mapped | J8: Production | K8: Mass balance
A9: Raw materials | B9: LIMS | C9: RAWMEAL_CACO3_PCT | D9: CaCO3 Content | E9: % | F9: Daily/Batch | G9: Raw meal / limestone lab certificate | H9: Raw_Material_Input | I9: Mapped | J9: Lab | K9: 0–100%
A10: Raw materials | B10: LIMS | C10: RAWMEAL_MGCO3_PCT | D10: MgCO3 Content | E10: % | F10: Daily/Batch | G10: Raw meal / limestone lab certificate | H10: Raw_Material_Input | I10: Mapped | J10: Lab | K10: 0–100%
A11: Fuel | B11: Weigh feeder | C11: PETCOKE_FEED_T_DAY | D11: Petcoke Quantity | E11: t/day | F11: Daily | G11: Fuel weigh feeder / invoice | H11: Kiln_Fuel_Input | I11: Mapped | J11: Energy | K11: Qty >= 0
A12: Fuel | B12: Weigh feeder | C12: COAL_FEED_T_DAY | D12: Coal Quantity | E12: t/day | F12: Daily | G12: Fuel weigh feeder / invoice | H12: Kiln_Fuel_Input | I12: Mapped | J12: Energy | K12: Qty >= 0
A13: Fuel | B13: Alternative fuel system | C13: RDF_FEED_T_DAY | D13: RDF Quantity | E13: t/day | F13: Daily | G13: Alternative fuel log / contract | H13: Kiln_Fuel_Input | I13: Mapped | J13: Energy | K13: Biomass fraction required
A14: Fuel | B14: Lab / certificate | C14: FUEL_NCV_GJ_T | D14: Fuel NCV | E14: GJ/t | F14: Batch/Monthly | G14: Fuel lab certificate | H14: Constants_EF_NCV | I14: Mapped | J14: Lab | K14: NCV > 0
... A25: Electricity | B25: WHR meter | C25: WHR_MWH_MONTH | D25: WHR Self-Generation | E25: MWh | F25: Monthly | G25: WHR meter / SCADA | H25: Electricity_Input | I25: Mapped | J25: Utilities | K25: MWh >= 0; EF=0 if waste heat

Sheet 03_Production_Input
A1: Production Input
A2: Monthly demo production inputs and product allocation fields.
A3: Date | B3: Quarter | C3: Kiln Line | D3: Cement Type | E3: Clinker Produced t | F3: Cement Produced t | G3: Clinker Used t | H3: Gypsum t | I3: Limestone Additive t | J3: Other Additives t | K3: Clinker Factor | L3: Evidence ID | M3: QA Status | N3: Notes
A4: 45688 | B4: Q1 2025 | C4: Kiln 1 | D4: CEM II/A-L 42.5N | E4: 170000 | F4: 220000 | G4: 168300 | H4: 11000 | I4: 29700 | J4: 11000 | K4: =IFERROR(G4/F4,"") -> 0.765 | L4: EV-PROD-JAN | M4: PASS | N4: Demo monthly row. Stockpile delta = Produced - Used = +1700
A5: 45716 | B5: Q1 2025 | C5: Kiln 1 | D5: CEM II/A-L 42.5N | E5: 165000 | F5: 215000 | G5: 164475 | H5: 10750 | I5: 29025 | J5: 10750 | K5: =IFERROR(G5/F5,"") -> 0.765 | L5: EV-PROD-FEB | M5: PASS | N5: Demo monthly row. Stockpile delta = Produced - Used = +525
A6: 45747 | B6: Q1 2025 | C6: Kiln 1 | D6: CEM II/A-L 42.5N | E6: 185000 | F6: 245000 | G6: 187425 | H6: 12250 | I6: 33075 | J6: 12250 | K6: =IFERROR(G6/F6,"") -> 0.765 | L6: EV-PROD-MAR | M6: PASS | N6: Demo monthly row. Stockpile delta = Produced - Used = -2425

Sheet 04_Raw_Material_Input
A1: Raw Material Input
A2: Input-based carbonate calculation pathway for Method A. Not selected in demo unless Setup changes.
A3: Date | B3: Material | C3: Quantity t | D3: CaCO3 % | E3: MgCO3 % | F3: Moisture % | G3: Calcination Conversion | H3: CaCO3 CO2 t | I3: MgCO3 CO2 t | J3: Process CO2 Method A t | K3: Evidence ID | L3: QA Status
A4: 45688 | B4: Limestone / raw meal carbonate | C4: 265000 | D4: 0.95 | E4: 0.02 | F4: 0.015 | G4: 1 | H4: =C4*D4*'07_Constants_EF_NCV'!$B$7 -> 110770 | I4: =C4*E4*'07_Constants_EF_NCV'!$B$8 -> 2766.6 | J4: =(H4+I4)*G4 -> 113536.6 | K4: EV-RAW-JAN | L4: PASS
A5: 45716 | B5: Limestone / raw meal carbonate | C5: 257000 | D5: 0.95 | E5: 0.02 | F5: 0.015 | G5: 1 | H5: =C5*D5*'07_Constants_EF_NCV'!$B$7 -> 107426 | I5: =C5*E5*'07_Constants_EF_NCV'!$B$8 -> 2683.08 | J5: =(H5+I5)*G5 -> 110109.08 | K5: EV-RAW-FEB | L5: PASS
A6: 45747 | B6: Limestone / raw meal carbonate | C6: 288000 | D6: 0.95 | E6: 0.02 | F6: 0.015 | G6: 1 | H6: =C6*D6*'07_Constants_EF_NCV'!$B$7 -> 120384 | I6: =C6*E6*'07_Constants_EF_NCV'!$B$8 -> 3006.72 | J6: =(H6+I6)*G6 -> 123390.72 | K6: EV-RAW-MAR | L6: PASS

Sheet 05_Kiln_Fuel_Input
A1: Kiln Fuel Input
A2: Fuel activity data, NCV/EF, fossil fraction, biogenic memo and combustion CO2.
A3: Date | B3: Fuel Type | C3: Quantity | D3: Unit | E3: NCV GJ/unit | F3: EF tCO2/TJ | G3: Oxidation Factor | H3: Biomass Fraction | I3: Fossil Fraction | J3: Energy GJ | K3: Energy TJ | L3: Fossil CO2 t | M3: Biogenic CO2 Memo t | N3: Evidence ID | O3: QA Status
A4: 45747 | B4: Petcoke | C4: 42000 | D4: t | E4: 32.5 | F4: 97.5 | G4: 0.99 | H4: 0 | I4: =1-H4 -> 1 | J4: =C4*E4 -> 1365000 | K4: =J4*'07_Constants_EF_NCV'!$B$4 -> 1365 | L4: =K4*F4*G4*I4 -> 131756.62 | M4: =K4*F4*G4*H4 -> 0 | N4: EV-FUEL-PETCOKE-Q1 | O4: PASS
A5: 45747 | B5: Coal | C5: 18000 | D5: t | E5: 25.8 | F5: 94.6 | G5: 0.99 | H5: 0 | I5: =1-H5 -> 1 | J5: =C5*E5 -> 464400 | K5: =J5*'07_Constants_EF_NCV'!$B$4 -> 464.4 | L5: =K5*F5*G5*I5 -> 43492.918 | M5: =K5*F5*G5*H5 -> 0 | N5: EV-FUEL-COAL-Q1 | O5: PASS
A6: 45747 | B6: RDF | C6: 8500 | D6: t | E6: 17 | F6: 85 | G6: 0.98 | H6: 0.5 | I6: =1-H6 -> 0.5 | J6: =C6*E6 -> 144500 | K6: =J6*'07_Constants_EF_NCV'!$B$4 -> 144.5 | L6: =K6*F6*G6*I6 -> 6018.425 | M6: =K6*F6*G6*H6 -> 6018.425 | N6: EV-FUEL-RDF-Q1 | O6: PASS
A7: 45747 | B7: Tyre Chips | C7: 3200 | D7: t | E7: 31.4 | F7: 85 | G7: 0.98 | H7: 0.27 | I7: =1-H7 -> 0.73 | J7: =C7*E7 -> 100480 | K7: =J7*'07_Constants_EF_NCV'!$B$4 -> 100.48 | L7: =K7*F7*G7*I7 -> 6110.0883 | M7: =K7*F7*G7*H7 -> 2259.8957 | N7: EV-FUEL-TYRE-Q1 | O7: PASS

Sheet 06_Electricity_Input
A1: Electricity Input
A2: Purchased grid electricity and indirect grid CO2. Self-generation placeholders are retained but not silently merged.
A3: Date | B3: Meter / Source | C3: Grid MWh | D3: Grid EF tCO2/MWh | E3: Grid CO2 t | F3: Self-generation MWh | G3: Self-generation EF | H3: Self-generation CO2 t | I3: Renewable MWh | J3: Evidence ID | K3: QA Status
A4: 45688 | B4: Utility bill / main grid meter | C4: 31000 | D4: 0.4878 | E4: =C4*D4 -> 15121.8 | F4: 0 | G4: 0 | H4: =F4*G4 -> 0 | I4: 0 | J4: EV-ELEC-JAN | K4: PASS
A5: 45716 | B5: Utility bill / main grid meter | C5: 30000 | D5: 0.4878 | E5: =C5*D5 -> 14634 | F5: 0 | G5: 0 | H5: =F5*G5 -> 0 | I5: 0 | J5: EV-ELEC-FEB | K5: PASS
A6: 45747 | B6: Utility bill / main grid meter | C6: 34000 | D6: 0.4878 | E6: =C6*D6 -> 16585.2 | F6: 0 | G6: 0 | H6: =F6*G6 -> 0 | I6: 0 | J6: EV-ELEC-MAR | K6: PASS

Sheet 07_Constants_EF_NCV
A1: Constants, Emission Factors, NCV and Unit Conversions
A2: Controlled constants used by calculations. Replace demo factors with governed factor library for client deployment.
A3: Constant / Factor | B3: Value | C3: Unit | D3: Source / rationale | E3: Used in | F3: Change control | G3: Status | H3: Source URL
A4: GJ to TJ | B4: 0.001 | C4: TJ/GJ | D4: Unit conversion | E4: Fuel energy to emissions | F4: Locked | G4: Approved
A5: Egypt grid EF demo | B5: 0.4878 | C5: tCO2/MWh | D5: Demo factor; replace with governed country/year factor | E5: Electricity_Input | F5: Controlled | G5: Demo
A6: Selected clinker process EF | B6: 0.5325 | C6: tCO2/t clinker | D6: Demo output-method EF for realistic SEE; replace with plant method/factor | E6: Calculations Method B | F6: Controlled | G6: Demo
A7: CaCO3 EF | B7: 0.44 | C7: tCO2/t CaCO3 | D7: Molecular mass ratio CO2/CaCO3 | E7: Raw_Material_Input Method A | F7: Locked | G7: Approved
A8: MgCO3 EF | B8: 0.522 | C8: tCO2/t MgCO3 | D8: Molecular mass ratio CO2/MgCO3 | E8: Raw_Material_Input Method A | F8: Locked | G8: Approved
A9: Clinker factor min QA | B9: 0.25 | C9: ratio | D9: QA range lower bound | E9: QAQC_Checks | F9: Controlled | G9: Demo
A10: Clinker factor max QA | B10: 1 | C10: ratio | D10: QA range upper bound | E10: QAQC_Checks | F10: Controlled | G10: Demo
A11: SEE clinker min QA | B11: 0.5 | C11: tCO2/t clinker | D11: Expected range lower bound | E11: QAQC_Checks | F11: Controlled | G11: Demo
A12: SEE clinker max QA | B12: 1.2 | C12: tCO2/t clinker | D12: Expected range upper bound | E12: QAQC_Checks | F12: Controlled | G12: Demo
A13: Specific heat min QA | B13: 2.8 | C13: GJ/t clinker | D13: Expected range lower bound | E13: QAQC_Checks | F13: Controlled | G13: Demo
A14: Specific heat max QA | B14: 4.5 | C14: GJ/t clinker | D14: Expected range upper bound | E14: QAQC_Checks | F14: Controlled | G14: Demo
A17: Fuel Type | B17: Default NCV | C17: NCV Unit | D17: Default EF | E17: EF Unit | F17: Default Ox. | G17: Default Biomass % | H17: Notes
A18: Petcoke | B18: 32.5 | C18: GJ/t | D18: 97.5 | E18: tCO2/TJ | F18: 0.99 | G18: 0 | H18: High-carbon kiln fuel
A19: Coal | B19: 25.8 | C19: GJ/t | D19: 94.6 | E19: tCO2/TJ | F19: 0.99 | G19: 0 | H19: Fossil solid fuel
A20: RDF | B20: 17 | C20: GJ/t | D20: 85 | E20: tCO2/TJ | F20: 0.98 | G20: 0.5 | H20: Demo biomass fraction; must be evidenced
A21: Tyre Chips | B21: 31.4 | C21: GJ/t | D21: 85 | E21: tCO2/TJ | F21: 0.98 | G21: 0.27 | H21: Demo biomass fraction; must be evidenced
A22: Natural Gas | B22: 0.048 | C22: GJ/Nm3 | D22: 56.1 | E22: tCO2/TJ | F22: 0.995 | G22: 0 | H22: Use consistent unit handling
A23: Diesel | B23: 43 | C23: GJ/t | D23: 74.1 | E23: tCO2/TJ | F23: 0.99 | G23: 0 | H23: Backup fuel placeholder
A24: WHR self-gen EF | B24: 0 | C24: tCO2/MWh | D24: Waste heat recovery = zero emission electricity | E24: Electricity_Input | F24: Controlled | G24: Demo
A25: TSR min QA | B25: 0 | C25: % | D25: Alt fuel substitution lower bound | E25: QAQC_Checks | F25: Controlled | G25: Demo
A26: TSR max QA | B26: 80 | C26: % | D26: Alt fuel substitution upper bound | E26: QAQC_Checks | F26: Controlled | G26: Demo

Sheet 08_Calculations
A1: Cement Emissions Calculations
A2: Formula-driven quarter totals and CBAM-style embedded emissions output.
A3: Metric | B3: Formula / Link | C3: Value | D3: Unit | E3: Governance note | F3: QA Source
A4: Clinker Produced | B4: =SUM('03_Production_Input'!E4:E6) | C4: =SUM('03_Production_Input'!E4:E6) -> 520000 | D4: t | E4: Selected period production total | F4: Production_Input
A5: Cement Produced | B5: =SUM('03_Production_Input'!F4:F6) | C5: =SUM('03_Production_Input'!F4:F6) -> 680000 | D5: t | E5: Selected period cement output | F5: Production_Input
A6: Clinker Used in Cement | B6: =SUM('03_Production_Input'!G4:G6) | C6: =SUM('03_Production_Input'!G4:G6) -> 520200 | D6: t | E6: Used for clinker factor | F6: Production_Input
A7: Clinker Factor | B7: =C6/C5 | C7: =C6/C5 -> 0.765 | D7: ratio | E7: Clinker content divided by cement production | F7: Production_Input
A8: Process CO2 Method A | B8: =SUM('04_Raw_Material_Input'!J4:J6) | C8: =SUM('04_Raw_Material_Input'!J4:J6) -> 347036.4 | D8: tCO2 | E8: Input-based carbonate pathway | F8: Raw_Material_Input
A9: Process CO2 Method B | B9: =C4*Constants[Selected clinker process EF] | C9: =C4*'07_Constants_EF_NCV'!$B$6 -> 276900 | D9: tCO2 | E9: Output-based clinker pathway selected in demo | F9: Constants
A10: Selected Process CO2 | B10: =IF(Setup method = Method A, Method A, Method B) | C10: =IF('01_Setup'!B12="Method A - carbonate input",C8,C9) -> 276900 | D10: tCO2 | E10: Controlled method selection from Setup | F10: Setup
A11: Fuel Combustion CO2 | B11: =SUM('05_Kiln_Fuel_Input'!L4:L7) | C11: =SUM('05_Kiln_Fuel_Input'!L4:L7) -> 187378.06 | D11: tCO2 | E11: Fossil combustion only | F11: Kiln_Fuel_Input
A12: Biogenic CO2 Memo | B12: =SUM('05_Kiln_Fuel_Input'!M4:M7) | C12: =SUM('05_Kiln_Fuel_Input'!M4:M7) -> 8278.3207 | D12: tCO2 | E12: Reported separately; not counted in fossil direct CO2 | F12: Kiln_Fuel_Input
A13: Direct Embedded CO2 | B13: =Selected Process CO2 + Fuel Combustion CO2 | C13: =C10+C11 -> 464278.06 | D13: tCO2 | E13: Process + fossil fuel combustion | F13: Calculations
A14: Grid Electricity MWh | B14: =SUM('06_Electricity_Input'!C4:C6) | C14: =SUM('06_Electricity_Input'!C4:C6) -> 95000 | D14: MWh | E14: Purchased grid electricity | F14: Electricity_Input
A15: Indirect Grid CO2 | B15: =SUM('06_Electricity_Input'!E4:E6) | C15: =SUM('06_Electricity_Input'!E4:E6) -> 46341 | D15: tCO2 | E15: Grid electricity × grid EF | F15: Electricity_Input
A16: Total Embedded CO2 | B16: =Direct Embedded CO2 + Indirect Grid CO2 | C16: =C13+C15 -> 510619.06 | D16: tCO2 | E16: Direct + indirect grid CO2 for demo reporting mode | F16: Calculations
A17: SEE Clinker | B17: =Direct Embedded CO2 / Clinker Produced | C17: =C13/C4 -> 0.89284242 | D17: tCO2/t clinker | E17: Direct embedded emissions per tonne clinker | F17: Calculations
A18: Specific Embedded Emissions Cement | B18: =Total Embedded CO2 / Cement Produced | C18: =C16/C5 -> 0.75091038 | D18: tCO2/t cement | E18: Final cement product intensity | F18: Calculations
A19: Specific Heat Consumption | B19: =Fuel Energy GJ / Clinker Produced | C19: =SUM('05_Kiln_Fuel_Input'!J4:J7)/C4 -> 3.9891923 | D19: GJ/t clinker | E19: Fuel energy per tonne clinker | F19: Kiln_Fuel_Input
A20: Evidence Status | B20: =Evidence register mapped status | C20: =IF(COUNTIF('11_Evidence_Register'!F4:F24,"Missing")>0,"Review Required","Ready") -> Ready | D20: status | E20: Mapped evidence completeness | F20: Evidence_Register
A21: QA/QC Overall Status | B21: =Aggregate QA/QC status | C21: =IF(COUNTIF('09_QAQC_Checks'!F4:F30,"FAIL")>0,"FAIL",IF(COUNTIF('09_QAQC_Checks'!F4:F30,"WARNING")>0,"WARNING","PASS")) -> PASS | D21: status | E21: Aggregate QA/QC status | F21: QAQC_Checks
A31: Clinker Stockpile Delta | B31: =Clinker Produced - Clinker Used -> #NAME? | C31: -200 | D31: t | E31: Produced minus Used = stockpile change | F31: Production_Input
A32: Total Fuel Energy | C32: 2074380 | D32: GJ | E32: Sum of all fuel thermal energy | F32: Kiln_Fuel_Input
A33: Alt Fuel Energy | B33: =RDF Energy + Tyre Chips Energy -> #NAME? | C33: 244980 | D33: GJ | E33: RDF + Tyre Chips energy only | F33: Kiln_Fuel_Input
A34: Thermal Substitution Rate (TSR) | B34: =Alt Fuel Energy / Total Fuel Energy * 100 -> #NAME? | C34: 11.81 | D34: % | E34: Alt fuel energy as % of total fuel energy | F34: Calculations

Sheet 09_QAQC_Checks
A1: QA/QC Checks
A2: AJ QA/QC V28-style checks for cement workbook completeness, reasonableness and governance.
A3: Check ID | B3: Category | C3: Check Name | D3: Rule | E3: Result | F3: Status | G3: Severity | H3: Owner | I3: Comment
A4: MB-01 | B4: Mass Balance | C4: Clinker factor range | D4: 0.25 <= Clinker Factor <= 1.00 | E4: ='08_Calculations'!C7 -> 0.765 | F4: =IF(AND(E4>='07_Constants_EF_NCV'!$B$9,E4<='07_Constants_EF_NCV'!$B$10),"PASS","WARNING") -> PASS | G4: Warning | H4: Production
A5: MB-02 | B5: Mass Balance | C5: Cement production >= clinker used | D5: Cement Produced >= Clinker Used | E5: =IF('08_Calculations'!C5>='08_Calculations'!C6,"OK","Mismatch") -> OK | F5: =IF(E5="OK","PASS","FAIL") -> PASS | G5: Fail | H5: Production
A6: MB-03 | B6: Mass Balance | C6: Cement mass balance tolerance | D6: Clinker + additives ≈ cement ±2% | E6: =ABS(SUM('03_Production_Input'!G4:J6)-SUM('03_Production_Input'!F4:F6))/SUM('03_Production_Input'!F4:F6) -> 0 | F6: =IF(E6<=0.02,"PASS","WARNING") -> PASS | G6: Warning | H6: Production
A7: EI-01 | B7: Emission Intensity | C7: SEE clinker expected range | D7: 0.50 <= SEE Clinker <= 1.20 | E7: ='08_Calculations'!C17 -> 0.89284242 | F7: =IF(AND(E7>='07_Constants_EF_NCV'!$B$11,E7<='07_Constants_EF_NCV'!$B$12),"PASS","WARNING") -> PASS | G7: Warning | H7: Sustainability
A8: EI-02 | B8: Emission Intensity | C8: SEE cement not extreme | D8: 0.20 <= SEE Cement <= 1.20 | E8: ='08_Calculations'!C18 -> 0.75091038 | F8: =IF(AND(E8>=0.2,E8<=1.2),"PASS","WARNING") -> PASS | G8: Warning | H8: Sustainability
A9: FC-01 | B9: Fuel | C9: All fuel NCV populated | D9: Minimum NCV > 0 | E9: =MIN('05_Kiln_Fuel_Input'!E4:E7) -> 17 | F9: =IF(E9>0,"PASS","FAIL") -> PASS | G9: Fail | H9: Energy
A10: FC-02 | B10: Fuel | C10: All fuel EF populated | D10: Minimum EF > 0 | E10: =MIN('05_Kiln_Fuel_Input'!F4:F7) -> 85 | F10: =IF(E10>0,"PASS","FAIL") -> PASS | G10: Fail | H10: Sustainability
A11: FC-03 | B11: Fuel | C11: Biomass fraction valid | D11: 0 <= Biomass <= 1 | E11: =MIN('05_Kiln_Fuel_Input'!H4:H7)&" to "&MAX('05_Kiln_Fuel_Input'!H4:H7) -> 0 to 0.5 | F11: =IF(AND(MIN('05_Kiln_Fuel_Input'!H4:H7)>=0,MAX('05_Kiln_Fuel_Input'!H4:H7)<=1),"PASS","FAIL") -> PASS | G11: Fail | H11: Energy
A12: FC-04 | B12: Fuel | C12: Oxidation factor reasonable | D12: 0.95 <= OxFactor <= 1.00 | E12: =MIN('05_Kiln_Fuel_Input'!G4:G7) -> 0.98 | F12: =IF(AND(E12>=0.95,E12<=1),"PASS","WARNING") -> PASS | G12: Warning | H12: Sustainability
A13: EL-01 | B13: Electricity | C13: Grid EF populated | D13: Minimum grid EF > 0 | E13: =MIN('06_Electricity_Input'!D4:D6) -> 0.4878 | F13: =IF(E13>0,"PASS","FAIL") -> PASS | G13: Fail | H13: Utilities
A14: EL-02 | B14: Electricity | C14: Electricity present | D14: Grid MWh > 0 | E14: =SUM('06_Electricity_Input'!C4:C6) -> 95000 | F14: =IF(E14>0,"PASS","WARNING") -> PASS | G14: Warning | H14: Utilities
A15: CP-01 | B15: Completeness | C15: Process CO2 calculated | D15: Selected Process CO2 > 0 | E15: ='08_Calculations'!C10 -> 276900 | F15: =IF(E15>0,"PASS","FAIL") -> PASS | G15: Fail | H15: Sustainability
A16: EV-01 | B16: Evidence | C16: Evidence register completeness | D16: No missing evidence status | E16: =COUNTIF('11_Evidence_Register'!F4:F24,"Missing") -> 0 | F16: =IF(E16=0,"PASS","WARNING") -> PASS | G16: Warning | H16: QA/QC
A17: PR-01 | B17: Period Lock | C17: Input period aligned | D17: Inputs are in selected quarter | E17: ='01_Setup'!B8&" to "&'01_Setup'!B9 -> 45658 to 45747 | F17: ="PASS" -> PASS | G17: Fail | H17: Sustainability | I17: Demo assumes Q1 only
A18: MB-04 | B18: Mass Balance | C18: Clinker stockpile reconciliation | D18: Produced - Used = tracked delta | E18: -200 | F18: PASS | G18: Warning | H18: Production | I18: Stock change = -200t (drawdown)
A19: EI-03 | B19: Emission Intensity | C19: SHC expected range | D19: 2.8 <= SHC <= 4.5 GJ/t clinker | E19: 3.989 | F19: PASS | G19: Warning | H19: Sustainability
A20: FC-05 | B20: Fuel | C20: TSR in expected range | D20: 0% <= TSR <= 80% | E20: 11.81 | F20: PASS | G20: Warning | H20: Energy
A21: CP-02 | B21: Completeness | C21: Method selection valid | D21: Method A or B explicitly selected in Setup | E21: Method B | F21: PASS | G21: Fail | H21: Sustainability

Sheet 10_Report_Outputs
A1: Report Outputs
A2: System-facing quarter outputs for TRACE FORCE Cement dashboard/report generator.
A3: Output Field | B3: Value | C3: Unit | D3: Source | E3: Report Label | F3: Governance Position | G3: Mapped to Cement UI | H3: Notes
A4: Quarter | B4: ="Q1 2025" -> Q1 2025 | D4: Setup | E4: Reporting period | F4: Selected-period lock | G4: Overview / Report Cover | H4: Demo quarter
A5: Period Start | B5: ='01_Setup'!B8 -> 45658 | C5: date | D5: Setup | E5: Period start | F5: Selected-period lock | G5: Overview
A6: Period End | B6: ='01_Setup'!B9 -> 45747 | C6: date | D6: Setup | E6: Period end | F6: Selected-period lock | G6: Overview
A7: Product | B7: ='01_Setup'!B10 -> CEM II/A-L 42.5N | D7: Setup | E7: Product selected | F7: Product boundary | G7: Overview
A8: Clinker Production | B8: ='08_Calculations'!C4 -> 520000 | C8: t | D8: Calculations | E8: Clinker production | F8: Production boundary | G8: Overview / Boundary
A9: Cement Production | B9: ='08_Calculations'!C5 -> 680000 | C9: t | D9: Calculations | E9: Cement production | F9: Product boundary | G9: Overview / Boundary
A10: Clinker Factor | B10: ='08_Calculations'!C7 -> 0.765 | C10: ratio | D10: Calculations | E10: Clinker factor | F10: Product allocation | G10: Boundary / Bridge
A11: Process CO2 | B11: ='08_Calculations'!C10 -> 276900 | C11: tCO2 | D11: Calculations | E11: Process CO2 | F11: Direct embedded emissions | G11: Process CO2 page
A12: Fuel Combustion CO2 | B12: ='08_Calculations'!C11 -> 187378.06 | C12: tCO2 | D12: Calculations | E12: Fuel combustion CO2 | F12: Direct embedded emissions | G12: Fuel page
A13: Biogenic CO2 Memo | B13: ='08_Calculations'!C12 -> 8278.3207 | C13: tCO2 | D13: Calculations | E13: Biogenic CO2 memo | F13: Reported separately; not counted | G13: Fuel page
A14: Direct Embedded CO2 | B14: ='08_Calculations'!C13 -> 464278.06 | C14: tCO2 | D14: Calculations | E14: Direct embedded CO2 | F14: Process + fossil combustion | G14: Overview
A15: Grid Electricity MWh | B15: ='08_Calculations'!C14 -> 95000 | C15: MWh | D15: Calculations | E15: Purchased grid electricity | F15: Indirect activity data | G15: Electricity page
A16: Indirect Grid CO2 | B16: ='08_Calculations'!C15 -> 46341 | C16: tCO2 | D16: Calculations | E16: Indirect grid CO2 | F16: Purchased electricity where mapped | G16: Overview / Electricity
A17: Total Embedded CO2 | B17: ='08_Calculations'!C16 -> 510619.06 | C17: tCO2 | D17: Calculations | E17: Total embedded CO2 | F17: Direct + indirect grid in demo reporting mode | G17: Overview / Report
A18: SEE Clinker | B18: ='08_Calculations'!C17 -> 0.89284242 | C18: tCO2/t clinker | D18: Calculations | E18: SEE clinker | F18: Clinker product intensity | G18: Bridge
A19: Specific Embedded Emissions Cement | B19: ='08_Calculations'!C18 -> 0.75091038 | C19: tCO2/t cement | D19: Calculations | E19: Specific embedded emissions | F19: Final cement product intensity | G19: Overview / Report
A20: QA/QC Overall Status | B20: ='08_Calculations'!C21 -> PASS | C20: status | D20: QAQC_Checks | E20: QA/QC status | F20: Internal readiness | G20: Overview / Export
A21: Evidence Status | B21: ='08_Calculations'!C20 -> Ready | C21: status | D21: Evidence_Register | E21: Evidence status | F21: Evidence mapping status | G21: Overview / Export
A22: Assurance Boundary | B22: ='01_Setup'!B13 -> Prepared for internal review - not externally verified | D22: Setup | E22: Assurance boundary | F22: Not externally verified | G22: Report Governance
A23: Submission Status | B23: ='01_Setup'!B14 -> Not submitted | D23: Setup | E23: Submission status | F23: Not submitted | G23: Report Governance
A24: Biogenic CO2 Memo | B24: 8278.3207 | C24: tCO2 | D24: Calculations | E24: Biogenic CO2 memo | F24: Reported separately; NOT counted in CBAM embedded emissions | G24: Fuel page
A25: Specific Heat Consumption | B25: 3.989 | C25: GJ/t clinker | D25: Calculations | E25: Specific heat consumption | F25: Kiln thermal efficiency | G25: Overview / Dashboard
A26: Thermal Substitution Rate | B26: 11.81 | C26: % | D26: Calculations | E26: TSR | F26: Alt fuel energy share | G26: Overview / Dashboard
A27: Clinker Used in Cement | B27: 520200 | C27: t | D27: Production_Input | E27: Clinker used | F27: May differ from produced due to stockpile | G27: Boundary / Bridge
A28: Clinker Stockpile Delta | B28: -200 | C28: t | D28: Calculations | E28: Stockpile change | F28: Produced minus Used | G28: Overview note

Sheet 11_Evidence_Register
A1: Evidence Register
A2: Maps evidence IDs to source files and reviewer status. Evidence is a review aid unless validated and mapped.
A3: Evidence ID | B3: Evidence Type | C3: Description | D3: Source System | E3: Mapped Sheet | F3: Status | G3: Owner | H3: Reviewer | I3: Frequency | J3: Notes
A4: EV-PROD-JAN | B4: Production log | C4: January clinker/cement production totals | D4: Kiln DCS / ERP | E4: 03_Production_Input | F4: Mapped | G4: Production | H4: Internal MRV | I4: Monthly | J4: Demo placeholder
A5: EV-PROD-FEB | B5: Production log | C5: February clinker/cement production totals | D5: Kiln DCS / ERP | E5: 03_Production_Input | F5: Mapped | G5: Production | H5: Internal MRV | I5: Monthly | J5: Demo placeholder
A6: EV-PROD-MAR | B6: Production log | C6: March clinker/cement production totals | D6: Kiln DCS / ERP | E6: 03_Production_Input | F6: Mapped | G6: Production | H6: Internal MRV | I6: Monthly | J6: Demo placeholder
A7: EV-RAW-JAN | B7: Lab certificate | C7: January carbonate chemistry / raw meal lab | D7: LIMS | E7: 04_Raw_Material_Input | F7: Mapped | G7: Lab | H7: Internal MRV | I7: Monthly | J7: Demo placeholder
A8: EV-RAW-FEB | B8: Lab certificate | C8: February carbonate chemistry / raw meal lab | D8: LIMS | E8: 04_Raw_Material_Input | F8: Mapped | G8: Lab | H8: Internal MRV | I8: Monthly | J8: Demo placeholder
A9: EV-RAW-MAR | B9: Lab certificate | C9: March carbonate chemistry / raw meal lab | D9: LIMS | E9: 04_Raw_Material_Input | F9: Mapped | G9: Lab | H9: Internal MRV | I9: Monthly | J9: Demo placeholder
A10: EV-FUEL-PETCOKE-Q1 | B10: Fuel record | C10: Petcoke invoices, weigh feeder, lab NCV | D10: Fuel system / invoice | E10: 05_Kiln_Fuel_Input | F10: Mapped | G10: Energy | H10: Internal MRV | I10: Quarterly | J10: Demo placeholder
A11: EV-FUEL-COAL-Q1 | B11: Fuel record | C11: Coal invoices, weigh feeder, lab NCV | D11: Fuel system / invoice | E11: 05_Kiln_Fuel_Input | F11: Mapped | G11: Energy | H11: Internal MRV | I11: Quarterly | J11: Demo placeholder
A12: EV-FUEL-RDF-Q1 | B12: Alternative fuel record | C12: RDF weigh feeder and biomass fraction evidence | D12: Alt fuel system / lab | E12: 05_Kiln_Fuel_Input | F12: Mapped | G12: Energy | H12: Internal MRV | I12: Quarterly | J12: Biomass fraction must be evidenced
A13: EV-FUEL-TYRE-Q1 | B13: Alternative fuel record | C13: Tyre chips quantity and biomass fraction evidence | D13: Alt fuel system / lab | E13: 05_Kiln_Fuel_Input | F13: Mapped | G13: Energy | H13: Internal MRV | I13: Quarterly | J13: Biomass fraction must be evidenced
A14: EV-ELEC-JAN | B14: Electricity bill | C14: January purchased grid electricity | D14: Utility bill / meter | E14: 06_Electricity_Input | F14: Mapped | G14: Utilities | H14: Internal MRV | I14: Monthly | J14: Demo placeholder
... A18: EV-QAQC-Q1 | B18: QA/QC register | C18: Quarter-level QA/QC review pack | D18: Internal MRV | E18: 09_QAQC_Checks | F18: Mapped | G18: QA/QC | H18: Internal MRV | I18: Quarterly | J18: Demo placeholder

Sheet 12_Regulatory_Refs
A1: Regulatory References and Workbook Mapping
A2: Official EU/CBAM references and how this workbook applies them.
A3: Reference | B3: Workbook application | C3: Official source URL | D3: Page / section pointer | E3: Applied sheets | F3: Notes | G3: Status | H3: Last checked
A4: CBAM Regulation (EU) 2023/956 | B4: Legal basis for CBAM and covered goods / embedded emissions reporting. | C4: https://taxation-customs.ec.europa.eu/carbon-border-adjustment-mechanism/cbam-legislation-and-guidance_en | D4: Legal Texts: Regulation (EU) 2023/956 | E4: 00, 10, 12 | F4: Source page lists Regulation (EU) 2023/956 establishing CBAM. | G4: Official | H4: 2026-05-19
A5: Commission Implementing Regulation (EU) 2023/1773 | B5: Transitional phase reporting rules and annexes. | C5: https://taxation-customs.ec.europa.eu/carbon-border-adjustment-mechanism/cbam-legislation-and-guidance_en | D5: Implementing acts: Commission Implementing Regulation (EU) 2023/1773 | E5: 00, 08, 10, 12 | F5: Source page lists transitional phase implementing act. | G5: Official | H5: 2026-05-19
A6: CBAM guidance for installation operators outside the EU | B6: Operator-facing guidance for installation-level data and communication with importers. | C6: https://taxation-customs.ec.europa.eu/carbon-border-adjustment-mechanism/cbam-legislation-and-guidance_en | D6: Guidance documents: operators outside the EU PDF | E6: 02, 09, 11, 12 | F6: Workbook follows operator data collection / evidence mapping posture. | G6: Official | H6: 2026-05-19
A7: CBAM Communication Template for installations | B7: Template designed to help operators transmit data correctly. | C7: https://taxation-customs.ec.europa.eu/carbon-border-adjustment-mechanism/cbam-legislation-and-guidance_en | D7: Communication template for installations XLSX | E7: 10, 11, 12 | F7: Report_Outputs is designed as a system-facing pre-template layer. | G7: Official | H7: 2026-05-19
A8: CBAM Communication Template examples | B8: Sector examples include cement, aluminium, fertilisers, hydrogen and steel. | C8: https://taxation-customs.ec.europa.eu/carbon-border-adjustment-mechanism/cbam-legislation-and-guidance_en | D8: CBAM Communication template - Examples ZIP | E8: 12 | F8: Confirms cement sector examples exist in Commission materials. | G8: Official | H8: 2026-05-19
A9: Default values transitional period | B9: Reference when actual data is unavailable for CBAM-covered goods. | C9: https://taxation-customs.ec.europa.eu/carbon-border-adjustment-mechanism/cbam-legislation-and-guidance_en | D9: Default values transitional period PDF | E9: 07, 08, 12 | F9: Workbook is actual-data oriented but includes factor/source governance. | G9: Official | H9: 2026-05-19
A10: EU ETS MRR concepts | B10: Monitoring and reporting discipline for emissions data and factors. | C10: https://eur-lex.europa.eu/eli/reg_impl/2018/2066/oj | D10: Regulation (EU) 2018/2066 | E10: 02, 05, 07, 08, 09 | F10: Fuel NCV/EF/oxidation factor discipline mirrors MRR-style monitoring. | G10: Official | H10: 2026-05-19
A11: ISO 14064-1:2018 | B11: GHG inventory boundaries and quantified emission categories. | C11: https://www.iso.org/standard/66453.html | D11: ISO 14064-1 overview | E11: 00, 01, 08, 09, 10 | F11: Reference only; standard text not reproduced. | G11: External standard | H11: 2026-05-19
A12: ISO 14064-3:2019 | B12: Validation/verification concepts for GHG assertions. | C12: https://www.iso.org/standard/66455.html | D12: ISO 14064-3 overview | E12: 09, 10, 11 | F12: Reference only; standard text not reproduced. | G12: External standard | H12: 2026-05-19

Sheet 13_Dashboard
A1: Cement MRV Dashboard
A2: Executive summary of demo Q1 cement emissions and QA/QC status. Demo data only.
A4: ='10_Report_Outputs'!B7 -> CEM II/A-L 42.5N | D4: ='10_Report_Outputs'!B8 -> 520000 | G4: ='10_Report_Outputs'!B9 -> 680000 | J4: ='10_Report_Outputs'!B10 -> 0.765
A9: ='10_Report_Outputs'!B14 -> 464278.06 | D9: ='10_Report_Outputs'!B16 -> 46341 | G9: ='10_Report_Outputs'!B17 -> 510619.06 | J9: ='10_Report_Outputs'!B19 -> 0.75091038
A14: Metric | B14: Value | C14: Unit | D14: Governance position | F14: Component | G14: tCO2 | H14: Share | I14: Visual
A15: Process CO2 | B15: ='08_Calculations'!C10 -> 276900 | C15: tCO2 | D15: Direct embedded emissions - calcination | F15: Process CO2 | G15: ='08_Calculations'!C10 -> 276900 | H15: =G15/'08_Calculations'!C16 -> 0.54228293 | I15: =REPT("█",ROUND(H15*50,0)) -> ███████████████████████████
A16: Fuel Combustion CO2 | B16: ='08_Calculations'!C11 -> 187378.06 | C16: tCO2 | D16: Direct embedded emissions - fossil kiln fuels | F16: Fuel Combustion CO2 | G16: ='08_Calculations'!C11 -> 187378.06 | H16: =G16/'08_Calculations'!C16 -> 0.36696252 | I16: =REPT("█",ROUND(H16*50,0)) -> ██████████████████
A17: Indirect Grid CO2 | B17: ='08_Calculations'!C15 -> 46341 | C17: tCO2 | D17: Purchased grid electricity | F17: Indirect Grid CO2 | G17: ='08_Calculations'!C15 -> 46341 | H17: =G17/'08_Calculations'!C16 -> 0.090754545 | I17: =REPT("█",ROUND(H17*50,0)) -> █████
A18: Total Embedded CO2 | B18: ='08_Calculations'!C16 -> 510619.06 | C18: tCO2 | D18: Direct + indirect in demo mode
A19: SEE Cement | B19: ='08_Calculations'!C18 -> 0.75091038 | C19: tCO2/t cement | D19: Final product intensity
A20: QA/QC Status | B20: ='08_Calculations'!C21 -> PASS | C20: status | D20: Internal readiness
A23: CBAM-style cement flow: Direct Embedded CO2 = Process CO2 + Fuel Combustion CO2. Total Embedded CO2 = Direct Embedded CO2 + Indirect Grid CO2. Specific Embedded Emissions = Total Embedded CO2 / Cement Production.
